ID,POWER
9750,38.26697344
9751,38.26697344
9752,38.26697344
9753,38.26697344
9754,38.26697344
9755,38.26697344
9756,38.26697344
9757,38.26697344
9758,38.26697344
9759,38.26697344
9760,38.26697344
9761,38.26697344
9762,38.26697344
9763,38.26697344
9764,38.26697344
9765,38.26697344
9766,38.26697344
9767,38.26697344
9768,38.26697344
9769,38.26697344
9770,38.26697344
9771,38.26697344
9772,38.26697344
9773,38.26697344
9774,38.26697344
9775,38.26697344
9776,38.26697344
9777,38.26697344
9778,38.26697344
9779,38.26697344
9780,38.26697344
9781,38.26697344
9782,38.26697344
9783,38.26697344
9784,38.26697344
9785,38.26697344
9786,38.26697344
9787,38.26697344
9788,38.26697344
9789,38.26697344
9790,38.26697344
9791,38.26697344
9792,38.26697344
9793,38.26697344
9794,38.26697344
9795,38.26697344
9796,38.26697344
9797,38.26697344
9798,38.26697344
9799,38.26697344
9800,38.26697344
9801,38.26697344
9802,38.26697344
9803,38.26697344
9804,38.26697344
9805,38.26697344
9806,38.26697344
9807,38.26697344
9808,38.26697344
9809,38.26697344
9810,38.26697344
9811,38.26697344
9812,38.26697344
9813,38.26697344
9814,38.26697344
9815,38.26697344
9816,38.26697344
9817,38.26697344
9818,38.26697344
9819,38.26697344
9820,38.26697344
9821,38.26697344
9822,38.26697344
9823,38.26697344
9824,38.26697344
9825,38.26697344
9826,38.26697344
9827,38.26697344
9828,38.26697344
9829,38.26697344
9830,38.26697344
9831,38.26697344
9832,38.26697344
9833,38.26697344
9834,38.26697344
9835,38.26697344
9836,38.26697344
9837,38.26697344
9838,38.26697344
9839,38.26697344
9840,38.26697344
9841,38.26697344
9842,38.26697344
9843,38.26697344
9844,38.26697344
9845,38.26697344
9846,38.26697344
9847,38.26697344
9848,38.26697344
9849,38.26697344
9850,38.26697344
9851,38.26697344
9852,38.26697344
9853,38.26697344
9854,38.26697344
9855,38.26697344
9856,38.26697344
9857,38.26697344
9858,38.26697344
9859,38.26697344
9860,38.26697344
9861,38.26697344
9862,38.26697344
9863,38.26697344
9864,38.26697344
9865,38.26697344
9866,38.26697344
9867,38.26697344
9868,38.26697344
9869,38.26697344
9870,38.26697344
9871,38.26697344
9872,38.26697344
9873,38.26697344
9874,38.26697344
9875,38.26697344
9876,38.26697344
9877,38.26697344
9878,38.26697344
9879,38.26697344
9880,38.26697344
9881,38.26697344
9882,38.26697344
9883,38.26697344
9884,38.26697344
9885,38.26697344
9886,38.26697344
9887,38.26697344
9888,38.26697344
9889,38.26697344
9890,38.26697344
9891,38.26697344
9892,38.26697344
9893,38.26697344
9894,38.26697344
9895,38.26697344
9896,38.26697344
9897,38.26697344
9898,38.26697344
9899,38.26697344
9900,38.26697344
9901,38.26697344
9902,38.26697344
9903,38.26697344
9904,38.26697344
9905,38.26697344
9906,38.26697344
9907,38.26697344
9908,38.26697344
9909,38.26697344
9910,38.26697344
9911,38.26697344
9912,38.26697344
9913,38.26697344
9914,38.26697344
9915,38.26697344
9916,38.26697344
9917,38.26697344
9918,38.26697344
9919,38.26697344
9920,38.26697344
9921,38.26697344
9922,38.26697344
9923,38.26697344
9924,38.26697344
9925,38.26697344
9926,38.26697344
9927,38.26697344
9928,38.26697344
9929,38.26697344
9930,38.26697344
9931,38.26697344
9932,38.26697344
9933,38.26697344
9934,38.26697344
9935,38.26697344
9936,38.26697344
9937,38.26697344
9938,38.26697344
9939,38.26697344
9940,38.26697344
9941,38.26697344
9942,38.26697344
9943,38.26697344
9944,38.26697344
9945,38.26697344
9946,38.26697344
9947,38.26697344
9948,38.26697344
9949,38.26697344
9950,38.26697344
9951,38.26697344
9952,38.26697344
9953,38.26697344
9954,38.26697344
9955,38.26697344
9956,38.26697344
9957,38.26697344
9958,38.26697344
9959,38.26697344
9960,38.26697344
9961,38.26697344
9962,38.26697344
9963,38.26697344
9964,38.26697344
9965,38.26697344
9966,38.26697344
9967,38.26697344
9968,38.26697344
9969,38.26697344
9970,38.26697344
9971,38.26697344
9972,38.26697344
9973,38.26697344
9974,38.26697344
9975,38.26697344
9976,38.26697344
9977,38.26697344
9978,38.26697344
9979,38.26697344
9980,38.26697344
9981,38.26697344
9982,38.26697344
9983,38.26697344
9984,38.26697344
9985,38.26697344
9986,38.26697344
9987,38.26697344
9988,38.26697344
9989,38.26697344
9990,38.26697344
9991,38.26697344
9992,38.26697344
9993,38.26697344
9994,38.26697344
9995,38.26697344
9996,38.26697344
9997,38.26697344
9998,38.26697344
9999,38.26697344
10000,38.26697344
10001,38.26697344
10002,38.26697344
10003,38.26697344
10004,38.26697344
10005,38.26697344
10006,38.26697344
10007,38.26697344
10008,38.26697344
10009,38.26697344
10010,38.26697344
10011,38.26697344
10012,38.26697344
10013,38.26697344
10014,38.26697344
10015,38.26697344
10016,38.26697344
10017,38.26697344
10018,38.26697344
10019,38.26697344
10020,38.26697344
10021,38.26697344
10022,38.26697344
10023,38.26697344
10024,38.26697344
10025,38.26697344
10026,38.26697344
10027,38.26697344
10028,38.26697344
10029,38.26697344
10030,38.26697344
10031,38.26697344
10032,38.26697344
10033,38.26697344
10034,38.26697344
10035,38.26697344
10036,38.26697344
10037,38.26697344
10038,38.26697344
10039,38.26697344
10040,38.26697344
10041,38.26697344
10042,38.26697344
10043,38.26697344
10044,38.26697344
10045,38.26697344
10046,38.26697344
10047,38.26697344
10048,38.26697344
10049,38.26697344
10050,38.26697344
10051,38.26697344
10052,38.26697344
10053,38.26697344
10054,38.26697344
10055,38.26697344
10056,38.26697344
10057,38.26697344
10058,38.26697344
10059,38.26697344
10060,38.26697344
10061,38.26697344
10062,38.26697344
10063,38.26697344
10064,38.26697344
10065,38.26697344
10066,38.26697344
10067,38.26697344
10068,38.26697344
10069,38.26697344
10070,38.26697344
10071,38.26697344
10072,38.26697344
10073,38.26697344
10074,38.26697344
10075,38.26697344
10076,38.26697344
10077,38.26697344
10078,38.26697344
10079,38.26697344
10080,38.26697344
10081,38.26697344
10082,38.26697344
10083,38.26697344
10084,38.26697344
10085,38.26697344
10086,38.26697344
10087,38.26697344
10088,38.26697344
10089,38.26697344
10090,38.26697344
10091,38.26697344
10092,38.26697344
10093,38.26697344
10094,38.26697344
10095,38.26697344
10096,38.26697344
10097,38.26697344
10098,38.26697344
10099,38.26697344
10100,38.26697344
10101,38.26697344
10102,38.26697344
10103,38.26697344
10104,38.26697344
10105,38.26697344
10106,38.26697344
10107,38.26697344
10108,38.26697344
10109,38.26697344
10110,38.26697344
10111,38.26697344
10112,38.26697344
10113,38.26697344
10114,38.26697344
10115,38.26697344
10116,38.26697344
10117,38.26697344
10118,38.26697344
10119,38.26697344
10120,38.26697344
10121,38.26697344
10122,38.26697344
10123,38.26697344
10124,38.26697344
10125,38.26697344
10126,38.26697344
10127,38.26697344
10128,38.26697344
10129,38.26697344
10130,38.26697344
10131,38.26697344
10132,38.26697344
10133,38.26697344
10134,38.26697344
10135,38.26697344
10136,38.26697344
10137,38.26697344
10138,38.26697344
10139,38.26697344
10140,38.26697344
10141,38.26697344
10142,38.26697344
10143,38.26697344
10144,38.26697344
10145,38.26697344
10146,38.26697344
10147,38.26697344
10148,38.26697344
10149,38.26697344
10150,38.26697344
10151,38.26697344
10152,38.26697344
10153,38.26697344
10154,38.26697344
10155,38.26697344
10156,38.26697344
10157,38.26697344
10158,38.26697344
10159,38.26697344
10160,38.26697344
10161,38.26697344
10162,38.26697344
10163,38.26697344
10164,38.26697344
10165,38.26697344
10166,38.26697344
10167,38.26697344
10168,38.26697344
10169,38.26697344
10170,38.26697344
10171,38.26697344
10172,38.26697344
10173,38.26697344
10174,38.26697344
10175,38.26697344
10176,38.26697344
10177,38.26697344
10178,38.26697344
10179,38.26697344
10180,38.26697344
10181,38.26697344
10182,38.26697344
10183,38.26697344
10184,38.26697344
10185,38.26697344
10186,38.26697344
10187,38.26697344
10188,38.26697344
10189,38.26697344
10190,38.26697344
10191,38.26697344
10192,38.26697344
10193,38.26697344
10194,38.26697344
10195,38.26697344
10196,38.26697344
10197,38.26697344
10198,38.26697344
10199,38.26697344
10200,38.26697344
10201,38.26697344
10202,38.26697344
10203,38.26697344
10204,38.26697344
10205,38.26697344
10206,38.26697344
10207,38.26697344
10208,38.26697344
10209,38.26697344
10210,38.26697344
10211,38.26697344
10212,38.26697344
10213,38.26697344
10214,38.26697344
10215,38.26697344
10216,38.26697344
10217,38.26697344
10218,38.26697344
10219,38.26697344
10220,38.26697344
10221,38.26697344
10222,38.26697344
10223,38.26697344
10224,38.26697344
10225,38.26697344
10226,38.26697344
10227,38.26697344
10228,38.26697344
10229,38.26697344
10230,38.26697344
10231,38.26697344
10232,38.26697344
10233,38.26697344
10234,38.26697344
10235,38.26697344
10236,38.26697344
10237,38.26697344
10238,38.26697344
10239,38.26697344
10240,38.26697344
10241,38.26697344
10242,38.26697344
10243,38.26697344
10244,38.26697344
10245,38.26697344
10246,38.26697344
10247,38.26697344
10248,38.26697344
10249,38.26697344
10250,38.26697344
10251,38.26697344
10252,38.26697344
10253,38.26697344
10254,38.26697344
10255,38.26697344
10256,38.26697344
10257,38.26697344
10258,38.26697344
10259,38.26697344
10260,38.26697344
10261,38.26697344
10262,38.26697344
10263,38.26697344
10264,38.26697344
10265,38.26697344
10266,38.26697344
10267,38.26697344
10268,38.26697344
10269,38.26697344
10270,38.26697344
10271,38.26697344
10272,38.26697344
10273,38.26697344
10274,38.26697344
10275,38.26697344
10276,38.26697344
10277,38.26697344
10278,38.26697344
10279,38.26697344
10280,38.26697344
10281,38.26697344
10282,38.26697344
10283,38.26697344
10284,38.26697344
10285,38.26697344
10286,38.26697344
10287,38.26697344
10288,38.26697344
10289,38.26697344
10290,38.26697344
10291,38.26697344
10292,38.26697344
10293,38.26697344
10294,38.26697344
10295,38.26697344
10296,38.26697344
10297,38.26697344
10298,38.26697344
10299,38.26697344
10300,38.26697344
10301,38.26697344
10302,38.26697344
10303,38.26697344
10304,38.26697344
10305,38.26697344
10306,38.26697344
10307,38.26697344
10308,38.26697344
10309,38.26697344
10310,38.26697344
10311,38.26697344
10312,38.26697344
10313,38.26697344
10314,38.26697344
10315,38.26697344
10316,38.26697344
10317,38.26697344
10318,38.26697344
10319,38.26697344
10320,38.26697344
10321,38.26697344
10322,38.26697344
10323,38.26697344
10324,38.26697344
10325,38.26697344
10326,38.26697344
10327,38.26697344
10328,38.26697344
10329,38.26697344
10330,38.26697344
10331,38.26697344
10332,38.26697344
10333,38.26697344
10334,38.26697344
10335,38.26697344
10336,38.26697344
10337,38.26697344
10338,38.26697344
10339,38.26697344
10340,38.26697344
10341,38.26697344
10342,38.26697344
10343,38.26697344
10344,38.26697344
10345,38.26697344
10346,38.26697344
10347,38.26697344
10348,38.26697344
10349,38.26697344
10350,38.26697344
10351,38.26697344
10352,38.26697344
10353,38.26697344
10354,38.26697344
10355,38.26697344
10356,38.26697344
10357,38.26697344
10358,38.26697344
10359,38.26697344
10360,38.26697344
10361,38.26697344
10362,38.26697344
10363,38.26697344
10364,38.26697344
10365,38.26697344
10366,38.26697344
10367,38.26697344
10368,38.26697344
10369,38.26697344
10370,38.26697344
10371,38.26697344
10372,38.26697344
10373,38.26697344
10374,38.26697344
10375,38.26697344
10376,38.26697344
10377,38.26697344
10378,38.26697344
10379,38.26697344
10380,38.26697344
10381,38.26697344
10382,38.26697344
10383,38.26697344
10384,38.26697344
10385,38.26697344
10386,38.26697344
10387,38.26697344
10388,38.26697344
10389,38.26697344
10390,38.26697344
10391,38.26697344
10392,38.26697344
10393,38.26697344
10394,38.26697344
10395,38.26697344
10396,38.26697344
10397,38.26697344
10398,38.26697344
10399,38.26697344
10400,38.26697344
10401,38.26697344
10402,38.26697344
10403,38.26697344
10404,38.26697344
10405,38.26697344
10406,38.26697344
10407,38.26697344
10408,38.26697344
10409,38.26697344
10410,38.26697344
10411,38.26697344
10412,38.26697344
10413,38.26697344
10414,38.26697344
10415,38.26697344
10416,38.26697344
10417,38.26697344
10418,38.26697344
10419,38.26697344
10420,38.26697344
10421,38.26697344
10422,38.26697344
10423,38.26697344
10424,38.26697344
10425,38.26697344
10426,38.26697344
10427,38.26697344
10428,38.26697344
10429,38.26697344
10430,38.26697344
10431,38.26697344
10432,38.26697344
10433,38.26697344
10434,38.26697344
10435,38.26697344
10436,38.26697344
10437,38.26697344
10438,38.26697344
10439,38.26697344
10440,38.26697344
10441,38.26697344
10442,38.26697344
10443,38.26697344
10444,38.26697344
10445,38.26697344
10446,38.26697344
10447,38.26697344
10448,38.26697344
10449,38.26697344
10450,38.26697344
10451,38.26697344
10452,38.26697344
10453,38.26697344
10454,38.26697344
10455,38.26697344
10456,38.26697344
10457,38.26697344
10458,38.26697344
10459,38.26697344
10460,38.26697344
10461,38.26697344
10462,38.26697344
10463,38.26697344
10464,38.26697344
10465,38.26697344
10466,38.26697344
10467,38.26697344
10468,38.26697344
10469,38.26697344
10470,38.26697344
10471,38.26697344
10472,38.26697344
10473,38.26697344
10474,38.26697344
10475,38.26697344
10476,38.26697344
10477,38.26697344
10478,38.26697344
10479,38.26697344
10480,38.26697344
10481,38.26697344
10482,38.26697344
10483,38.26697344
10484,38.26697344
10485,38.26697344
10486,38.26697344
10487,38.26697344
10488,38.26697344
10489,38.26697344
10490,38.26697344
10491,38.26697344
10492,38.26697344
10493,38.26697344
10494,38.26697344
10495,38.26697344
10496,38.26697344
10497,38.26697344
10498,38.26697344
10499,38.26697344
10500,38.26697344
10501,38.26697344
10502,38.26697344
10503,38.26697344
10504,38.26697344
10505,38.26697344
10506,38.26697344
10507,38.26697344
10508,38.26697344
10509,38.26697344
10510,38.26697344
10511,38.26697344
10512,38.26697344
10513,38.26697344
10514,38.26697344
10515,38.26697344
10516,38.26697344
10517,38.26697344
10518,38.26697344
10519,38.26697344
10520,38.26697344
10521,38.26697344
10522,38.26697344
10523,38.26697344
10524,38.26697344
10525,38.26697344
10526,38.26697344
10527,38.26697344
10528,38.26697344
10529,38.26697344
10530,38.26697344
10531,38.26697344
10532,38.26697344
10533,38.26697344
10534,38.26697344
10535,38.26697344
10536,38.26697344
10537,38.26697344
10538,38.26697344
10539,38.26697344
10540,38.26697344
10541,38.26697344
10542,38.26697344
10543,38.26697344
10544,38.26697344
10545,38.26697344
10546,38.26697344
10547,38.26697344
10548,38.26697344
10549,38.26697344
10550,38.26697344
10551,38.26697344
10552,38.26697344
10553,38.26697344
10554,38.26697344
10555,38.26697344
10556,38.26697344
10557,38.26697344
10558,38.26697344
10559,38.26697344
10560,38.26697344
10561,38.26697344
10562,38.26697344
10563,38.26697344
10564,38.26697344
10565,38.26697344
10566,38.26697344
10567,38.26697344
10568,38.26697344
10569,38.26697344
10570,38.26697344
10571,38.26697344
10572,38.26697344
10573,38.26697344
10574,38.26697344
10575,38.26697344
10576,38.26697344
10577,38.26697344
10578,38.26697344
10579,38.26697344
10580,38.26697344
10581,38.26697344
10582,38.26697344
10583,38.26697344
10584,38.26697344
10585,38.26697344
10586,38.26697344
10587,38.26697344
10588,38.26697344
10589,38.26697344
10590,38.26697344
10591,38.26697344
10592,38.26697344
10593,38.26697344
10594,38.26697344
10595,38.26697344
10596,38.26697344
10597,38.26697344
10598,38.26697344
10599,38.26697344
10600,38.26697344
10601,38.26697344
10602,38.26697344
10603,38.26697344
10604,38.26697344
10605,38.26697344
10606,38.26697344
10607,38.26697344
10608,38.26697344
10609,38.26697344
10610,38.26697344
10611,38.26697344
10612,38.26697344
10613,38.26697344
10614,38.26697344
10615,38.26697344
10616,38.26697344
10617,38.26697344
10618,38.26697344
10619,38.26697344
10620,38.26697344
10621,38.26697344
10622,38.26697344
10623,38.26697344
10624,38.26697344
10625,38.26697344
10626,38.26697344
10627,38.26697344
10628,38.26697344
10629,38.26697344
10630,38.26697344
10631,38.26697344
10632,38.26697344
10633,38.26697344
10634,38.26697344
10635,38.26697344
10636,38.26697344
10637,38.26697344
10638,38.26697344
10639,38.26697344
10640,38.26697344
10641,38.26697344
10642,38.26697344
10643,38.26697344
10644,38.26697344
10645,38.26697344
10646,38.26697344
10647,38.26697344
10648,38.26697344
10649,38.26697344
10650,38.26697344
10651,38.26697344
10652,38.26697344
10653,38.26697344
10654,38.26697344
10655,38.26697344
10656,38.26697344
10657,38.26697344
10658,38.26697344
10659,38.26697344
10660,38.26697344
10661,38.26697344
10662,38.26697344
10663,38.26697344
10664,38.26697344
10665,38.26697344
10666,38.26697344
10667,38.26697344
10668,38.26697344
10669,38.26697344
10670,38.26697344
10671,38.26697344
10672,38.26697344
10673,38.26697344
10674,38.26697344
10675,38.26697344
10676,38.26697344
10677,38.26697344
10678,38.26697344
10679,38.26697344
10680,38.26697344
10681,38.26697344
10682,38.26697344
10683,38.26697344
10684,38.26697344
10685,38.26697344
10686,38.26697344
10687,38.26697344
10688,38.26697344
10689,38.26697344
10690,38.26697344
10691,38.26697344
10692,38.26697344
10693,38.26697344
10694,38.26697344
10695,38.26697344
10696,38.26697344
10697,38.26697344
10698,38.26697344
10699,38.26697344
10700,38.26697344
10701,38.26697344
10702,38.26697344
10703,38.26697344
10704,38.26697344
10705,38.26697344
10706,38.26697344
10707,38.26697344
10708,38.26697344
10709,38.26697344
10710,38.26697344
10711,38.26697344
10712,38.26697344
10713,38.26697344
10714,38.26697344
10715,38.26697344
10716,38.26697344
10717,38.26697344
10718,38.26697344
10719,38.26697344
10720,38.26697344
10721,38.26697344
10722,38.26697344
10723,38.26697344
10724,38.26697344
10725,38.26697344
10726,38.26697344
10727,38.26697344
10728,38.26697344
10729,38.26697344
10730,38.26697344
10731,38.26697344
10732,38.26697344
10733,38.26697344
10734,38.26697344
10735,38.26697344
10736,38.26697344
10737,38.26697344
10738,38.26697344
10739,38.26697344
10740,38.26697344
10741,38.26697344
10742,38.26697344
10743,38.26697344
10744,38.26697344
10745,38.26697344
10746,38.26697344
10747,38.26697344
10748,38.26697344
10749,38.26697344
10750,38.26697344
10751,38.26697344
10752,38.26697344
10753,38.26697344
10754,38.26697344
10755,38.26697344
10756,38.26697344
10757,38.26697344
10758,38.26697344
10759,38.26697344
10760,38.26697344
10761,38.26697344
10762,38.26697344
10763,38.26697344
10764,38.26697344
10765,38.26697344
10766,38.26697344
10767,38.26697344
10768,38.26697344
10769,38.26697344
10770,38.26697344
10771,38.26697344
10772,38.26697344
10773,38.26697344
10774,38.26697344
10775,38.26697344
10776,38.26697344
10777,38.26697344
10778,38.26697344
10779,38.26697344
10780,38.26697344
10781,38.26697344
10782,38.26697344
10783,38.26697344
10784,38.26697344
10785,38.26697344
10786,38.26697344
10787,38.26697344
10788,38.26697344
10789,38.26697344
10790,38.26697344
10791,38.26697344
10792,38.26697344
10793,38.26697344
10794,38.26697344
10795,38.26697344
10796,38.26697344
10797,38.26697344
10798,38.26697344
10799,38.26697344
10800,38.26697344
10801,38.26697344
10802,38.26697344
10803,38.26697344
10804,38.26697344
10805,38.26697344
10806,38.26697344
10807,38.26697344
10808,38.26697344
10809,38.26697344
10810,38.26697344
10811,38.26697344
10812,38.26697344
10813,38.26697344
10814,38.26697344
10815,38.26697344
10816,38.26697344
10817,38.26697344
10818,38.26697344
10819,38.26697344
10820,38.26697344
10821,38.26697344
10822,38.26697344
10823,38.26697344
10824,38.26697344
10825,38.26697344
10826,38.26697344
10827,38.26697344
10828,38.26697344
10829,38.26697344
10830,38.26697344
10831,38.26697344
10832,38.26697344
10833,38.26697344
10834,38.26697344
10835,38.26697344
10836,38.26697344
10837,38.26697344
10838,38.26697344
10839,38.26697344
10840,38.26697344
10841,38.26697344
10842,38.26697344
10843,38.26697344
10844,38.26697344
10845,38.26697344
10846,38.26697344
10847,38.26697344
10848,38.26697344
10849,38.26697344
10850,38.26697344
10851,38.26697344
10852,38.26697344
10853,38.26697344
10854,38.26697344
10855,38.26697344
10856,38.26697344
10857,38.26697344
10858,38.26697344
10859,38.26697344
10860,38.26697344
10861,38.26697344
10862,38.26697344
10863,38.26697344
10864,38.26697344
10865,38.26697344
10866,38.26697344
10867,38.26697344
10868,38.26697344
10869,38.26697344
10870,38.26697344
10871,38.26697344
10872,38.26697344
10873,38.26697344
10874,38.26697344
10875,38.26697344
10876,38.26697344
10877,38.26697344
10878,38.26697344
10879,38.26697344
10880,38.26697344
10881,38.26697344
10882,38.26697344
10883,38.26697344
10884,38.26697344
10885,38.26697344
10886,38.26697344
10887,38.26697344
10888,38.26697344
10889,38.26697344
10890,38.26697344
10891,38.26697344
10892,38.26697344
10893,38.26697344
10894,38.26697344
10895,38.26697344
10896,38.26697344
10897,38.26697344
10898,38.26697344
10899,38.26697344
10900,38.26697344
10901,38.26697344
10902,38.26697344
10903,38.26697344
10904,38.26697344
10905,38.26697344
10906,38.26697344
10907,38.26697344
10908,38.26697344
10909,38.26697344
10910,38.26697344
10911,38.26697344
10912,38.26697344
10913,38.26697344
10914,38.26697344
10915,38.26697344
10916,38.26697344
10917,38.26697344
10918,38.26697344
10919,38.26697344
10920,38.26697344
10921,38.26697344
10922,38.26697344
10923,38.26697344
10924,38.26697344
10925,38.26697344
10926,38.26697344
10927,38.26697344
10928,38.26697344
10929,38.26697344
10930,38.26697344
10931,38.26697344
10932,38.26697344
10933,38.26697344
10934,38.26697344
10935,38.26697344
10936,38.26697344
10937,38.26697344
10938,38.26697344
10939,38.26697344
10940,38.26697344
10941,38.26697344
10942,38.26697344
10943,38.26697344
10944,38.26697344
10945,38.26697344
10946,38.26697344
10947,38.26697344
10948,38.26697344
10949,38.26697344
10950,38.26697344
10951,38.26697344
10952,38.26697344
10953,38.26697344
10954,38.26697344
10955,38.26697344
10956,38.26697344
10957,38.26697344
10958,38.26697344
10959,38.26697344
10960,38.26697344
10961,38.26697344
10962,38.26697344
10963,38.26697344
10964,38.26697344
10965,38.26697344
10966,38.26697344
10967,38.26697344
10968,38.26697344
10969,38.26697344
10970,38.26697344
10971,38.26697344
10972,38.26697344
10973,38.26697344
10974,38.26697344
10975,38.26697344
10976,38.26697344
10977,38.26697344
10978,38.26697344
10979,38.26697344
10980,38.26697344
10981,38.26697344
10982,38.26697344
10983,38.26697344
10984,38.26697344
10985,38.26697344
10986,38.26697344
10987,38.26697344
10988,38.26697344
10989,38.26697344
10990,38.26697344
10991,38.26697344
10992,38.26697344
10993,38.26697344
10994,38.26697344
10995,38.26697344
10996,38.26697344
10997,38.26697344
10998,38.26697344
10999,38.26697344
11000,38.26697344
11001,38.26697344
11002,38.26697344
11003,38.26697344
11004,38.26697344
11005,38.26697344
11006,38.26697344
11007,38.26697344
11008,38.26697344
11009,38.26697344
11010,38.26697344
11011,38.26697344
11012,38.26697344
11013,38.26697344
11014,38.26697344
11015,38.26697344
11016,38.26697344
11017,38.26697344
11018,38.26697344
11019,38.26697344
11020,38.26697344
11021,38.26697344
11022,38.26697344
11023,38.26697344
11024,38.26697344
11025,38.26697344
11026,38.26697344
11027,38.26697344
11028,38.26697344
11029,38.26697344
11030,38.26697344
11031,38.26697344
11032,38.26697344
11033,38.26697344
11034,38.26697344
11035,38.26697344
11036,38.26697344
11037,38.26697344
11038,38.26697344
11039,38.26697344
11040,38.26697344
11041,38.26697344
11042,38.26697344
11043,38.26697344
11044,38.26697344
11045,38.26697344
11046,38.26697344
11047,38.26697344
11048,38.26697344
11049,38.26697344
11050,38.26697344
11051,38.26697344
11052,38.26697344
11053,38.26697344
11054,38.26697344
11055,38.26697344
11056,38.26697344
11057,38.26697344
11058,38.26697344
11059,38.26697344
11060,38.26697344
11061,38.26697344
11062,38.26697344
11063,38.26697344
11064,38.26697344
11065,38.26697344
11066,38.26697344
11067,38.26697344
11068,38.26697344
11069,38.26697344
11070,38.26697344
11071,38.26697344
11072,38.26697344
11073,38.26697344
11074,38.26697344
11075,38.26697344
11076,38.26697344
11077,38.26697344
11078,38.26697344
11079,38.26697344
11080,38.26697344
11081,38.26697344
11082,38.26697344
11083,38.26697344
11084,38.26697344
11085,38.26697344
11086,38.26697344
11087,38.26697344
11088,38.26697344
11089,38.26697344
11090,38.26697344
11091,38.26697344
11092,38.26697344
11093,38.26697344
11094,38.26697344
11095,38.26697344
11096,38.26697344
11097,38.26697344
11098,38.26697344
11099,38.26697344
11100,38.26697344
11101,38.26697344
11102,38.26697344
11103,38.26697344
11104,38.26697344
11105,38.26697344
11106,38.26697344
11107,38.26697344
11108,38.26697344
11109,38.26697344
11110,38.26697344
11111,38.26697344
11112,38.26697344
11113,38.26697344
11114,38.26697344
11115,38.26697344
11116,38.26697344
11117,38.26697344
11118,38.26697344
11119,38.26697344
11120,38.26697344
11121,38.26697344
11122,38.26697344
11123,38.26697344
11124,38.26697344
11125,38.26697344
11126,38.26697344
11127,38.26697344
11128,38.26697344
11129,38.26697344
11130,38.26697344
11131,38.26697344
11132,38.26697344
11133,38.26697344
11134,38.26697344
11135,38.26697344
11136,38.26697344
11137,38.26697344
11138,38.26697344
11139,38.26697344
11140,38.26697344
11141,38.26697344
11142,38.26697344
11143,38.26697344
11144,38.26697344
11145,38.26697344
11146,38.26697344
11147,38.26697344
11148,38.26697344
11149,38.26697344
11150,38.26697344
11151,38.26697344
11152,38.26697344
11153,38.26697344
11154,38.26697344
11155,38.26697344
11156,38.26697344
11157,38.26697344
11158,38.26697344
11159,38.26697344
11160,38.26697344
11161,38.26697344
11162,38.26697344
11163,38.26697344
11164,38.26697344
11165,38.26697344
11166,38.26697344
11167,38.26697344
11168,38.26697344
11169,38.26697344
11170,38.26697344
11171,38.26697344
11172,38.26697344
11173,38.26697344
11174,38.26697344
11175,38.26697344
11176,38.26697344
11177,38.26697344
11178,38.26697344
11179,38.26697344
11180,38.26697344
11181,38.26697344
11182,38.26697344
11183,38.26697344
11184,38.26697344
11185,38.26697344
11186,38.26697344
11187,38.26697344
11188,38.26697344
11189,38.26697344
11190,38.26697344
11191,38.26697344
11192,38.26697344
11193,38.26697344
11194,38.26697344
11195,38.26697344
11196,38.26697344
11197,38.26697344
11198,38.26697344
11199,38.26697344
11200,38.26697344
11201,38.26697344
11202,38.26697344
11203,38.26697344
11204,38.26697344
11205,38.26697344
11206,38.26697344
11207,38.26697344
11208,38.26697344
11209,38.26697344
11210,38.26697344
11211,38.26697344
11212,38.26697344
11213,38.26697344
11214,38.26697344
11215,38.26697344
11216,38.26697344
11217,38.26697344
11218,38.26697344
11219,38.26697344
11220,38.26697344
11221,38.26697344
11222,38.26697344
11223,38.26697344
11224,38.26697344
11225,38.26697344
11226,38.26697344
11227,38.26697344
11228,38.26697344
11229,38.26697344
11230,38.26697344
11231,38.26697344
11232,38.26697344
11233,38.26697344
11234,38.26697344
11235,38.26697344
11236,38.26697344
11237,38.26697344
11238,38.26697344
11239,38.26697344
11240,38.26697344
11241,38.26697344
11242,38.26697344
11243,38.26697344
11244,38.26697344
11245,38.26697344
11246,38.26697344
11247,38.26697344
11248,38.26697344
11249,38.26697344
11250,38.26697344
11251,38.26697344
11252,38.26697344
11253,38.26697344
11254,38.26697344
11255,38.26697344
11256,38.26697344
11257,38.26697344
11258,38.26697344
11259,38.26697344
11260,38.26697344
11261,38.26697344
11262,38.26697344
11263,38.26697344
11264,38.26697344
11265,38.26697344
11266,38.26697344
11267,38.26697344
11268,38.26697344
11269,38.26697344
11270,38.26697344
11271,38.26697344
11272,38.26697344
11273,38.26697344
11274,38.26697344
11275,38.26697344
11276,38.26697344
11277,38.26697344
11278,38.26697344
11279,38.26697344
11280,38.26697344
11281,38.26697344
11282,38.26697344
11283,38.26697344
11284,38.26697344
11285,38.26697344
11286,38.26697344
11287,38.26697344
11288,38.26697344
11289,38.26697344
11290,38.26697344
11291,38.26697344
11292,38.26697344
11293,38.26697344
11294,38.26697344
11295,38.26697344
11296,38.26697344
11297,38.26697344
11298,38.26697344
11299,38.26697344
11300,38.26697344
11301,38.26697344
11302,38.26697344
11303,38.26697344
11304,38.26697344
11305,38.26697344
11306,38.26697344
11307,38.26697344
11308,38.26697344
11309,38.26697344
11310,38.26697344
11311,38.26697344
11312,38.26697344
11313,38.26697344
11314,38.26697344
11315,38.26697344
11316,38.26697344
11317,38.26697344
11318,38.26697344
11319,38.26697344
11320,38.26697344
11321,38.26697344
11322,38.26697344
11323,38.26697344
11324,38.26697344
11325,38.26697344
11326,38.26697344
11327,38.26697344
11328,38.26697344
11329,38.26697344
11330,38.26697344
11331,38.26697344
11332,38.26697344
11333,38.26697344
11334,38.26697344
11335,38.26697344
11336,38.26697344
11337,38.26697344
11338,38.26697344
11339,38.26697344
11340,38.26697344
11341,38.26697344
11342,38.26697344
11343,38.26697344
11344,38.26697344
11345,38.26697344
11346,38.26697344
11347,38.26697344
11348,38.26697344
11349,38.26697344
11350,38.26697344
11351,38.26697344
11352,38.26697344
11353,38.26697344
11354,38.26697344
11355,38.26697344
11356,38.26697344
11357,38.26697344
11358,38.26697344
11359,38.26697344
11360,38.26697344
11361,38.26697344
11362,38.26697344
11363,38.26697344
11364,38.26697344
11365,38.26697344
11366,38.26697344
11367,38.26697344
11368,38.26697344
11369,38.26697344
11370,38.26697344
11371,38.26697344
11372,38.26697344
11373,38.26697344
11374,38.26697344
11375,38.26697344
11376,38.26697344
11377,38.26697344
11378,38.26697344
11379,38.26697344
11380,38.26697344
11381,38.26697344
11382,38.26697344
11383,38.26697344
11384,38.26697344
11385,38.26697344
11386,38.26697344
11387,38.26697344
11388,38.26697344
11389,38.26697344
11390,38.26697344
11391,38.26697344
11392,38.26697344
11393,38.26697344
11394,38.26697344
11395,38.26697344
11396,38.26697344
11397,38.26697344
11398,38.26697344
11399,38.26697344
11400,38.26697344
11401,38.26697344
11402,38.26697344
11403,38.26697344
11404,38.26697344
11405,38.26697344
11406,38.26697344
11407,38.26697344
11408,38.26697344
11409,38.26697344
11410,38.26697344
11411,38.26697344
11412,38.26697344
11413,38.26697344
11414,38.26697344
11415,38.26697344
11416,38.26697344
11417,38.26697344
11418,38.26697344
11419,38.26697344
11420,38.26697344
11421,38.26697344
11422,38.26697344
11423,38.26697344
11424,38.26697344
11425,38.26697344
11426,38.26697344
11427,38.26697344
11428,38.26697344
11429,38.26697344
11430,38.26697344
11431,38.26697344
11432,38.26697344
11433,38.26697344
11434,38.26697344
11435,38.26697344
11436,38.26697344
11437,38.26697344
11438,38.26697344
11439,38.26697344
11440,38.26697344
11441,38.26697344
11442,38.26697344
11443,38.26697344
11444,38.26697344
11445,38.26697344
11446,38.26697344
11447,38.26697344
11448,38.26697344
11449,38.26697344
11450,38.26697344
11451,38.26697344
11452,38.26697344
11453,38.26697344
11454,38.26697344
11455,38.26697344
11456,38.26697344
11457,38.26697344
11458,38.26697344
11459,38.26697344
11460,38.26697344
11461,38.26697344
11462,38.26697344
11463,38.26697344
11464,38.26697344
11465,38.26697344
11466,38.26697344
11467,38.26697344
11468,38.26697344
11469,38.26697344
11470,38.26697344
11471,38.26697344
11472,38.26697344
11473,38.26697344
11474,38.26697344
11475,38.26697344
11476,38.26697344
11477,38.26697344
11478,38.26697344
11479,38.26697344
11480,38.26697344
11481,38.26697344
11482,38.26697344
11483,38.26697344
11484,38.26697344
11485,38.26697344
11486,38.26697344
11487,38.26697344
11488,38.26697344
11489,38.26697344
11490,38.26697344
11491,38.26697344
11492,38.26697344
11493,38.26697344
11494,38.26697344
11495,38.26697344
11496,38.26697344
11497,38.26697344
11498,38.26697344
11499,38.26697344
11500,38.26697344
11501,38.26697344
11502,38.26697344
11503,38.26697344
11504,38.26697344
11505,38.26697344
11506,38.26697344
11507,38.26697344
11508,38.26697344
11509,38.26697344
11510,38.26697344
11511,38.26697344
11512,38.26697344
11513,38.26697344
11514,38.26697344
11515,38.26697344
11516,38.26697344
11517,38.26697344
11518,38.26697344
11519,38.26697344
11520,38.26697344
11521,38.26697344
11522,38.26697344
11523,38.26697344
11524,38.26697344
11525,38.26697344
11526,38.26697344
11527,38.26697344
11528,38.26697344
11529,38.26697344
11530,38.26697344
11531,38.26697344
11532,38.26697344
11533,38.26697344
11534,38.26697344
11535,38.26697344
11536,38.26697344
11537,38.26697344
11538,38.26697344
11539,38.26697344
11540,38.26697344
11541,38.26697344
11542,38.26697344
11543,38.26697344
11544,38.26697344
11545,38.26697344
11546,38.26697344
11547,38.26697344
11548,38.26697344
11549,38.26697344
11550,38.26697344
11551,38.26697344
11552,38.26697344
11553,38.26697344
11554,38.26697344
11555,38.26697344
11556,38.26697344
11557,38.26697344
11558,38.26697344
11559,38.26697344
11560,38.26697344
11561,38.26697344
11562,38.26697344
11563,38.26697344
11564,38.26697344
11565,38.26697344
11566,38.26697344
11567,38.26697344
11568,38.26697344
11569,38.26697344
11570,38.26697344
11571,38.26697344
11572,38.26697344
11573,38.26697344
11574,38.26697344
11575,38.26697344
11576,38.26697344
11577,38.26697344
11578,38.26697344
11579,38.26697344
11580,38.26697344
11581,38.26697344
11582,38.26697344
11583,38.26697344
11584,38.26697344
11585,38.26697344
11586,38.26697344
11587,38.26697344
11588,38.26697344
11589,38.26697344
11590,38.26697344
11591,38.26697344
11592,38.26697344
11593,38.26697344
11594,38.26697344
11595,38.26697344
11596,38.26697344
11597,38.26697344
11598,38.26697344
11599,38.26697344
11600,38.26697344
11601,38.26697344
11602,38.26697344
11603,38.26697344
11604,38.26697344
11605,38.26697344
11606,38.26697344
11607,38.26697344
11608,38.26697344
11609,38.26697344
11610,38.26697344
11611,38.26697344
11612,38.26697344
11613,38.26697344
11614,38.26697344
11615,38.26697344
11616,38.26697344
11617,38.26697344
11618,38.26697344
11619,38.26697344
11620,38.26697344
11621,38.26697344
11622,38.26697344
11623,38.26697344
11624,38.26697344
11625,38.26697344
11626,38.26697344
11627,38.26697344
11628,38.26697344
11629,38.26697344
11630,38.26697344
11631,38.26697344
11632,38.26697344
11633,38.26697344
11634,38.26697344
11635,38.26697344
11636,38.26697344
11637,38.26697344
11638,38.26697344
11639,38.26697344
11640,38.26697344
11641,38.26697344
11642,38.26697344
11643,38.26697344
11644,38.26697344
11645,38.26697344
11646,38.26697344
11647,38.26697344
11648,38.26697344
11649,38.26697344
11650,38.26697344
11651,38.26697344
11652,38.26697344
11653,38.26697344
11654,38.26697344
11655,38.26697344
11656,38.26697344
11657,38.26697344
11658,38.26697344
11659,38.26697344
11660,38.26697344
11661,38.26697344
11662,38.26697344
11663,38.26697344
11664,38.26697344
11665,38.26697344
11666,38.26697344
11667,38.26697344
11668,38.26697344
11669,38.26697344
11670,38.26697344
11671,38.26697344
11672,38.26697344
11673,38.26697344
11674,38.26697344
11675,38.26697344
11676,38.26697344
11677,38.26697344
11678,38.26697344
11679,38.26697344
11680,38.26697344
11681,38.26697344
11682,38.26697344
11683,38.26697344
11684,38.26697344
11685,38.26697344
11686,38.26697344
11687,38.26697344
11688,38.26697344
11689,38.26697344
11690,38.26697344
11691,38.26697344
11692,38.26697344
11693,38.26697344
11694,38.26697344
11695,38.26697344
11696,38.26697344
11697,38.26697344
11698,38.26697344
11699,38.26697344
11700,38.26697344
11701,38.26697344
11702,38.26697344
11703,38.26697344
11704,38.26697344
11705,38.26697344
11706,38.26697344
11707,38.26697344
11708,38.26697344
11709,38.26697344
11710,38.26697344
11711,38.26697344
11712,38.26697344
11713,38.26697344
11714,38.26697344
11715,38.26697344
11716,38.26697344
11717,38.26697344
11718,38.26697344
11719,38.26697344
11720,38.26697344
11721,38.26697344
11722,38.26697344
11723,38.26697344
11724,38.26697344
11725,38.26697344
11726,38.26697344
11727,38.26697344
11728,38.26697344
11729,38.26697344
11730,38.26697344
11731,38.26697344
11732,38.26697344
11733,38.26697344
11734,38.26697344
11735,38.26697344
11736,38.26697344
11737,38.26697344
11738,38.26697344
11739,38.26697344
11740,38.26697344
11741,38.26697344
11742,38.26697344
11743,38.26697344
11744,38.26697344
11745,38.26697344
11746,38.26697344
11747,38.26697344
11748,38.26697344
11749,38.26697344
11750,38.26697344
11751,38.26697344
11752,38.26697344
11753,38.26697344
11754,38.26697344
11755,38.26697344
11756,38.26697344
11757,38.26697344
11758,38.26697344
11759,38.26697344
11760,38.26697344
11761,38.26697344
11762,38.26697344
11763,38.26697344
11764,38.26697344
11765,38.26697344
11766,38.26697344
11767,38.26697344
11768,38.26697344
11769,38.26697344
11770,38.26697344
11771,38.26697344
11772,38.26697344
11773,38.26697344
11774,38.26697344
11775,38.26697344
11776,38.26697344
11777,38.26697344
11778,38.26697344
11779,38.26697344
11780,38.26697344
11781,38.26697344
11782,38.26697344
11783,38.26697344
11784,38.26697344
11785,38.26697344
11786,38.26697344
11787,38.26697344
11788,38.26697344
11789,38.26697344
11790,38.26697344
11791,38.26697344
11792,38.26697344
11793,38.26697344
11794,38.26697344
11795,38.26697344
11796,38.26697344
11797,38.26697344
11798,38.26697344
11799,38.26697344
11800,38.26697344
11801,38.26697344
11802,38.26697344
11803,38.26697344
11804,38.26697344
11805,38.26697344
11806,38.26697344
11807,38.26697344
11808,38.26697344
11809,38.26697344
11810,38.26697344
11811,38.26697344
11812,38.26697344
11813,38.26697344
11814,38.26697344
11815,38.26697344
11816,38.26697344
11817,38.26697344
11818,38.26697344
11819,38.26697344
11820,38.26697344
11821,38.26697344
11822,38.26697344
11823,38.26697344
11824,38.26697344
11825,38.26697344
11826,38.26697344
11827,38.26697344
11828,38.26697344
11829,38.26697344
11830,38.26697344
11831,38.26697344
11832,38.26697344
11833,38.26697344
11834,38.26697344
11835,38.26697344
11836,38.26697344
11837,38.26697344
11838,38.26697344
11839,38.26697344
11840,38.26697344
11841,38.26697344
11842,38.26697344
11843,38.26697344
11844,38.26697344
11845,38.26697344
11846,38.26697344
11847,38.26697344
11848,38.26697344
11849,38.26697344
11850,38.26697344
11851,38.26697344
11852,38.26697344
11853,38.26697344
11854,38.26697344
11855,38.26697344
11856,38.26697344
11857,38.26697344
11858,38.26697344
11859,38.26697344
11860,38.26697344
11861,38.26697344
11862,38.26697344
11863,38.26697344
11864,38.26697344
11865,38.26697344
11866,38.26697344
11867,38.26697344
11868,38.26697344
11869,38.26697344
11870,38.26697344
11871,38.26697344
11872,38.26697344
11873,38.26697344
11874,38.26697344
11875,38.26697344
11876,38.26697344
11877,38.26697344
11878,38.26697344
11879,38.26697344
11880,38.26697344
11881,38.26697344
11882,38.26697344
11883,38.26697344
11884,38.26697344
11885,38.26697344
11886,38.26697344
11887,38.26697344
11888,38.26697344
11889,38.26697344
11890,38.26697344
11891,38.26697344
11892,38.26697344
11893,38.26697344
11894,38.26697344
11895,38.26697344
11896,38.26697344
11897,38.26697344
11898,38.26697344
11899,38.26697344
11900,38.26697344
11901,38.26697344
11902,38.26697344
11903,38.26697344
11904,38.26697344
11905,38.26697344
11906,38.26697344
11907,38.26697344
11908,38.26697344
11909,38.26697344
11910,38.26697344
11911,38.26697344
11912,38.26697344
11913,38.26697344
11914,38.26697344
11915,38.26697344
11916,38.26697344
11917,38.26697344
11918,38.26697344
11919,38.26697344
11920,38.26697344
11921,38.26697344
11922,38.26697344
11923,38.26697344
11924,38.26697344
11925,38.26697344
11926,38.26697344
11927,38.26697344
11928,38.26697344
11929,38.26697344
11930,38.26697344
11931,38.26697344
11932,38.26697344
11933,38.26697344
11934,38.26697344
11935,38.26697344
11936,38.26697344
11937,38.26697344
11938,38.26697344
11939,38.26697344
11940,38.26697344
11941,38.26697344
11942,38.26697344
11943,38.26697344
11944,38.26697344
11945,38.26697344
11946,38.26697344
11947,38.26697344
11948,38.26697344
11949,38.26697344
11950,38.26697344
11951,38.26697344
11952,38.26697344
11953,38.26697344
11954,38.26697344
11955,38.26697344
11956,38.26697344
11957,38.26697344
11958,38.26697344
11959,38.26697344
11960,38.26697344
11961,38.26697344
11962,38.26697344
11963,38.26697344
11964,38.26697344
11965,38.26697344
11966,38.26697344
11967,38.26697344
11968,38.26697344
11969,38.26697344
11970,38.26697344
11971,38.26697344
11972,38.26697344
11973,38.26697344
11974,38.26697344
11975,38.26697344
11976,38.26697344
11977,38.26697344
11978,38.26697344
11979,38.26697344
11980,38.26697344
11981,38.26697344
11982,38.26697344
11983,38.26697344
11984,38.26697344
11985,38.26697344
11986,38.26697344
11987,38.26697344
11988,38.26697344
11989,38.26697344
11990,38.26697344
11991,38.26697344
11992,38.26697344
11993,38.26697344
11994,38.26697344
11995,38.26697344
11996,38.26697344
11997,38.26697344
11998,38.26697344
11999,38.26697344
12000,38.26697344
12001,38.26697344
12002,38.26697344
12003,38.26697344
12004,38.26697344
12005,38.26697344
12006,38.26697344
12007,38.26697344
12008,38.26697344
12009,38.26697344
12010,38.26697344
12011,38.26697344
12012,38.26697344
12013,38.26697344
12014,38.26697344
12015,38.26697344
12016,38.26697344
12017,38.26697344
12018,38.26697344
12019,38.26697344
12020,38.26697344
12021,38.26697344
12022,38.26697344
12023,38.26697344
12024,38.26697344
12025,38.26697344
12026,38.26697344
12027,38.26697344
12028,38.26697344
12029,38.26697344
12030,38.26697344
12031,38.26697344
12032,38.26697344
12033,38.26697344
12034,38.26697344
12035,38.26697344
12036,38.26697344
12037,38.26697344
12038,38.26697344
12039,38.26697344
12040,38.26697344
12041,38.26697344
12042,38.26697344
12043,38.26697344
12044,38.26697344
12045,38.26697344
12046,38.26697344
12047,38.26697344
12048,38.26697344
12049,38.26697344
12050,38.26697344
12051,38.26697344
12052,38.26697344
12053,38.26697344
12054,38.26697344
12055,38.26697344
12056,38.26697344
12057,38.26697344
12058,38.26697344
12059,38.26697344
12060,38.26697344
12061,38.26697344
12062,38.26697344
12063,38.26697344
12064,38.26697344
12065,38.26697344
12066,38.26697344
12067,38.26697344
12068,38.26697344
12069,38.26697344
12070,38.26697344
12071,38.26697344
12072,38.26697344
12073,38.26697344
12074,38.26697344
12075,38.26697344
12076,38.26697344
12077,38.26697344
12078,38.26697344
12079,38.26697344
12080,38.26697344
12081,38.26697344
12082,38.26697344
12083,38.26697344
12084,38.26697344
12085,38.26697344
12086,38.26697344
12087,38.26697344
12088,38.26697344
12089,38.26697344
12090,38.26697344
12091,38.26697344
12092,38.26697344
12093,38.26697344
12094,38.26697344
12095,38.26697344
12096,38.26697344
12097,38.26697344
12098,38.26697344
12099,38.26697344
12100,38.26697344
12101,38.26697344
12102,38.26697344
12103,38.26697344
12104,38.26697344
12105,38.26697344
12106,38.26697344
12107,38.26697344
12108,38.26697344
12109,38.26697344
12110,38.26697344
12111,38.26697344
12112,38.26697344
12113,38.26697344
12114,38.26697344
12115,38.26697344
12116,38.26697344
12117,38.26697344
12118,38.26697344
12119,38.26697344
12120,38.26697344
12121,38.26697344
12122,38.26697344
12123,38.26697344
12124,38.26697344
12125,38.26697344
12126,38.26697344
12127,38.26697344
12128,38.26697344
12129,38.26697344
12130,38.26697344
12131,38.26697344
12132,38.26697344
12133,38.26697344
12134,38.26697344
12135,38.26697344
12136,38.26697344
12137,38.26697344
12138,38.26697344
12139,38.26697344
12140,38.26697344
12141,38.26697344
12142,38.26697344
12143,38.26697344
12144,38.26697344
12145,38.26697344
12146,38.26697344
12147,38.26697344
12148,38.26697344
12149,38.26697344
12150,38.26697344
12151,38.26697344
12152,38.26697344
12153,38.26697344
12154,38.26697344
12155,38.26697344
12156,38.26697344
12157,38.26697344
12158,38.26697344
12159,38.26697344
12160,38.26697344
12161,38.26697344
12162,38.26697344
12163,38.26697344
12164,38.26697344
12165,38.26697344
12166,38.26697344
12167,38.26697344
12168,38.26697344
12169,38.26697344
12170,38.26697344
12171,38.26697344
12172,38.26697344
12173,38.26697344
12174,38.26697344
12175,38.26697344
12176,38.26697344
12177,38.26697344
12178,38.26697344
12179,38.26697344
12180,38.26697344
12181,38.26697344
12182,38.26697344
12183,38.26697344
12184,38.26697344
12185,38.26697344
12186,38.26697344
12187,38.26697344
12188,38.26697344
12189,38.26697344
12190,38.26697344
12191,38.26697344
12192,38.26697344
12193,38.26697344
12194,38.26697344
12195,38.26697344
12196,38.26697344
12197,38.26697344
12198,38.26697344
12199,38.26697344
12200,38.26697344
12201,38.26697344
12202,38.26697344
12203,38.26697344
12204,38.26697344
12205,38.26697344
12206,38.26697344
12207,38.26697344
12208,38.26697344
12209,38.26697344
12210,38.26697344
12211,38.26697344
12212,38.26697344
12213,38.26697344
12214,38.26697344
12215,38.26697344
12216,38.26697344
12217,38.26697344
12218,38.26697344
12219,38.26697344
12220,38.26697344
12221,38.26697344
12222,38.26697344
12223,38.26697344
12224,38.26697344
12225,38.26697344
12226,38.26697344
12227,38.26697344
12228,38.26697344
12229,38.26697344
12230,38.26697344
12231,38.26697344
12232,38.26697344
12233,38.26697344
12234,38.26697344
12235,38.26697344
12236,38.26697344
12237,38.26697344
12238,38.26697344
12239,38.26697344
12240,38.26697344
12241,38.26697344
12242,38.26697344
12243,38.26697344
12244,38.26697344
12245,38.26697344
12246,38.26697344
12247,38.26697344
12248,38.26697344
12249,38.26697344
12250,38.26697344
12251,38.26697344
12252,38.26697344
12253,38.26697344
12254,38.26697344
12255,38.26697344
12256,38.26697344
12257,38.26697344
12258,38.26697344
12259,38.26697344
12260,38.26697344
12261,38.26697344
12262,38.26697344
12263,38.26697344
12264,38.26697344
12265,38.26697344
12266,38.26697344
12267,38.26697344
12268,38.26697344
12269,38.26697344
12270,38.26697344
12271,38.26697344
12272,38.26697344
12273,38.26697344
12274,38.26697344
12275,38.26697344
12276,38.26697344
12277,38.26697344
12278,38.26697344
12279,38.26697344
12280,38.26697344
12281,38.26697344
12282,38.26697344
12283,38.26697344
12284,38.26697344
12285,38.26697344
12286,38.26697344
12287,38.26697344
12288,38.26697344
12289,38.26697344
12290,38.26697344
12291,38.26697344
12292,38.26697344
12293,38.26697344
12294,38.26697344
12295,38.26697344
12296,38.26697344
12297,38.26697344
12298,38.26697344
12299,38.26697344
12300,38.26697344
12301,38.26697344
12302,38.26697344
12303,38.26697344
12304,38.26697344
12305,38.26697344
12306,38.26697344
12307,38.26697344
12308,38.26697344
12309,38.26697344
12310,38.26697344
12311,38.26697344
12312,38.26697344
12313,38.26697344
12314,38.26697344
12315,38.26697344
12316,38.26697344
12317,38.26697344
12318,38.26697344
12319,38.26697344
12320,38.26697344
12321,38.26697344
12322,38.26697344
12323,38.26697344
12324,38.26697344
12325,38.26697344
12326,38.26697344
12327,38.26697344
12328,38.26697344
12329,38.26697344
12330,38.26697344
12331,38.26697344
12332,38.26697344
12333,38.26697344
12334,38.26697344
12335,38.26697344
12336,38.26697344
12337,38.26697344
12338,38.26697344
12339,38.26697344
12340,38.26697344
12341,38.26697344
12342,38.26697344
12343,38.26697344
12344,38.26697344
12345,38.26697344
12346,38.26697344
12347,38.26697344
12348,38.26697344
12349,38.26697344
12350,38.26697344
12351,38.26697344
12352,38.26697344
12353,38.26697344
12354,38.26697344
12355,38.26697344
12356,38.26697344
12357,38.26697344
12358,38.26697344
12359,38.26697344
12360,38.26697344
12361,38.26697344
12362,38.26697344
12363,38.26697344
12364,38.26697344
12365,38.26697344
12366,38.26697344
12367,38.26697344
12368,38.26697344
12369,38.26697344
12370,38.26697344
12371,38.26697344
12372,38.26697344
12373,38.26697344
12374,38.26697344
12375,38.26697344
12376,38.26697344
12377,38.26697344
12378,38.26697344
12379,38.26697344
12380,38.26697344
12381,38.26697344
12382,38.26697344
12383,38.26697344
12384,38.26697344
12385,38.26697344
12386,38.26697344
12387,38.26697344
12388,38.26697344
12389,38.26697344
12390,38.26697344
12391,38.26697344
12392,38.26697344
12393,38.26697344
12394,38.26697344
12395,38.26697344
12396,38.26697344
12397,38.26697344
12398,38.26697344
12399,38.26697344
12400,38.26697344
12401,38.26697344
12402,38.26697344
12403,38.26697344
12404,38.26697344
12405,38.26697344
12406,38.26697344
12407,38.26697344
12408,38.26697344
12409,38.26697344
12410,38.26697344
12411,38.26697344
12412,38.26697344
12413,38.26697344
12414,38.26697344
12415,38.26697344
12416,38.26697344
12417,38.26697344
12418,38.26697344
12419,38.26697344
12420,38.26697344
12421,38.26697344
12422,38.26697344
12423,38.26697344
12424,38.26697344
12425,38.26697344
12426,38.26697344
12427,38.26697344
12428,38.26697344
12429,38.26697344
12430,38.26697344
12431,38.26697344
12432,38.26697344
12433,38.26697344
12434,38.26697344
12435,38.26697344
12436,38.26697344
12437,38.26697344
12438,38.26697344
12439,38.26697344
12440,38.26697344
12441,38.26697344
12442,38.26697344
12443,38.26697344
12444,38.26697344
12445,38.26697344
12446,38.26697344
12447,38.26697344
12448,38.26697344
12449,38.26697344
12450,38.26697344
12451,38.26697344
12452,38.26697344
12453,38.26697344
12454,38.26697344
12455,38.26697344
12456,38.26697344
12457,38.26697344
12458,38.26697344
12459,38.26697344
12460,38.26697344
12461,38.26697344
12462,38.26697344
12463,38.26697344
12464,38.26697344
12465,38.26697344
12466,38.26697344
12467,38.26697344
12468,38.26697344
12469,38.26697344
12470,38.26697344
12471,38.26697344
12472,38.26697344
12473,38.26697344
12474,38.26697344
12475,38.26697344
12476,38.26697344
12477,38.26697344
12478,38.26697344
12479,38.26697344
12480,38.26697344
12481,38.26697344
12482,38.26697344
12483,38.26697344
12484,38.26697344
12485,38.26697344
12486,38.26697344
12487,38.26697344
12488,38.26697344
12489,38.26697344
12490,38.26697344
12491,38.26697344
12492,38.26697344
12493,38.26697344
12494,38.26697344
12495,38.26697344
12496,38.26697344
12497,38.26697344
12498,38.26697344
12499,38.26697344
12500,38.26697344
12501,38.26697344
12502,38.26697344
12503,38.26697344
12504,38.26697344
12505,38.26697344
12506,38.26697344
12507,38.26697344
12508,38.26697344
12509,38.26697344
12510,38.26697344
12511,38.26697344
12512,38.26697344
12513,38.26697344
12514,38.26697344
12515,38.26697344
12516,38.26697344
12517,38.26697344
12518,38.26697344
12519,38.26697344
12520,38.26697344
12521,38.26697344
12522,38.26697344
12523,38.26697344
12524,38.26697344
12525,38.26697344
12526,38.26697344
12527,38.26697344
12528,38.26697344
12529,38.26697344
12530,38.26697344
12531,38.26697344
12532,38.26697344
12533,38.26697344
12534,38.26697344
12535,38.26697344
12536,38.26697344
12537,38.26697344
12538,38.26697344
12539,38.26697344
12540,38.26697344
12541,38.26697344
12542,38.26697344
12543,38.26697344
12544,38.26697344
12545,38.26697344
12546,38.26697344
12547,38.26697344
12548,38.26697344
12549,38.26697344
12550,38.26697344
12551,38.26697344
12552,38.26697344
12553,38.26697344
12554,38.26697344
12555,38.26697344
12556,38.26697344
12557,38.26697344
12558,38.26697344
12559,38.26697344
12560,38.26697344
12561,38.26697344
12562,38.26697344
12563,38.26697344
12564,38.26697344
12565,38.26697344
12566,38.26697344
12567,38.26697344
12568,38.26697344
12569,38.26697344
12570,38.26697344
12571,38.26697344
12572,38.26697344
12573,38.26697344
12574,38.26697344
12575,38.26697344
12576,38.26697344
12577,38.26697344
12578,38.26697344
12579,38.26697344
12580,38.26697344
12581,38.26697344
12582,38.26697344
12583,38.26697344
12584,38.26697344
12585,38.26697344
12586,38.26697344
12587,38.26697344
12588,38.26697344
12589,38.26697344
12590,38.26697344
12591,38.26697344
12592,38.26697344
12593,38.26697344
12594,38.26697344
12595,38.26697344
12596,38.26697344
12597,38.26697344
12598,38.26697344
12599,38.26697344
12600,38.26697344
12601,38.26697344
12602,38.26697344
12603,38.26697344
12604,38.26697344
12605,38.26697344
12606,38.26697344
12607,38.26697344
12608,38.26697344
12609,38.26697344
12610,38.26697344
12611,38.26697344
12612,38.26697344
12613,38.26697344
12614,38.26697344
12615,38.26697344
12616,38.26697344
12617,38.26697344
12618,38.26697344
12619,38.26697344
12620,38.26697344
12621,38.26697344
12622,38.26697344
12623,38.26697344
12624,38.26697344
12625,38.26697344
12626,38.26697344
12627,38.26697344
12628,38.26697344
12629,38.26697344
12630,38.26697344
12631,38.26697344
12632,38.26697344
12633,38.26697344
12634,38.26697344
12635,38.26697344
12636,38.26697344
12637,38.26697344
12638,38.26697344
12639,38.26697344
12640,38.26697344
12641,38.26697344
12642,38.26697344
12643,38.26697344
12644,38.26697344
12645,38.26697344
12646,38.26697344
12647,38.26697344
12648,38.26697344
12649,38.26697344
12650,38.26697344
12651,38.26697344
12652,38.26697344
12653,38.26697344
12654,38.26697344
12655,38.26697344
12656,38.26697344
12657,38.26697344
12658,38.26697344
12659,38.26697344
12660,38.26697344
12661,38.26697344
12662,38.26697344
12663,38.26697344
12664,38.26697344
12665,38.26697344
12666,38.26697344
12667,38.26697344
12668,38.26697344
12669,38.26697344
12670,38.26697344
12671,38.26697344
12672,38.26697344
12673,38.26697344
12674,38.26697344
12675,38.26697344
12676,38.26697344
12677,38.26697344
12678,38.26697344
12679,38.26697344
12680,38.26697344
12681,38.26697344
12682,38.26697344
12683,38.26697344
12684,38.26697344
12685,38.26697344
12686,38.26697344
12687,38.26697344
12688,38.26697344
12689,38.26697344
12690,38.26697344
12691,38.26697344
12692,38.26697344
12693,38.26697344
12694,38.26697344
12695,38.26697344
12696,38.26697344
12697,38.26697344
12698,38.26697344
12699,38.26697344
12700,38.26697344
12701,38.26697344
12702,38.26697344
12703,38.26697344
12704,38.26697344
12705,38.26697344
12706,38.26697344
12707,38.26697344
12708,38.26697344
12709,38.26697344
12710,38.26697344
12711,38.26697344
12712,38.26697344
12713,38.26697344
12714,38.26697344
12715,38.26697344
12716,38.26697344
12717,38.26697344
12718,38.26697344
12719,38.26697344
12720,38.26697344
12721,38.26697344
12722,38.26697344
12723,38.26697344
12724,38.26697344
12725,38.26697344
12726,38.26697344
12727,38.26697344
12728,38.26697344
12729,38.26697344
12730,38.26697344
12731,38.26697344
12732,38.26697344
12733,38.26697344
12734,38.26697344
12735,38.26697344
12736,38.26697344
12737,38.26697344
12738,38.26697344
12739,38.26697344
12740,38.26697344
12741,38.26697344
12742,38.26697344
12743,38.26697344
12744,38.26697344
12745,38.26697344
12746,38.26697344
12747,38.26697344
12748,38.26697344
12749,38.26697344
12750,38.26697344
12751,38.26697344
12752,38.26697344
12753,38.26697344
12754,38.26697344
12755,38.26697344
12756,38.26697344
12757,38.26697344
12758,38.26697344
12759,38.26697344
12760,38.26697344
12761,38.26697344
12762,38.26697344
12763,38.26697344
12764,38.26697344
12765,38.26697344
12766,38.26697344
12767,38.26697344
12768,38.26697344
12769,38.26697344
12770,38.26697344
12771,38.26697344
12772,38.26697344
12773,38.26697344
12774,38.26697344
12775,38.26697344
12776,38.26697344
12777,38.26697344
12778,38.26697344
12779,38.26697344
12780,38.26697344
12781,38.26697344
12782,38.26697344
12783,38.26697344
12784,38.26697344
12785,38.26697344
12786,38.26697344
12787,38.26697344
12788,38.26697344
12789,38.26697344
12790,38.26697344
12791,38.26697344
12792,38.26697344
12793,38.26697344
12794,38.26697344
12795,38.26697344
12796,38.26697344
12797,38.26697344
12798,38.26697344
12799,38.26697344
12800,38.26697344
12801,38.26697344
12802,38.26697344
12803,38.26697344
12804,38.26697344
12805,38.26697344
12806,38.26697344
12807,38.26697344
12808,38.26697344
12809,38.26697344
12810,38.26697344
12811,38.26697344
12812,38.26697344
12813,38.26697344
12814,38.26697344
12815,38.26697344
12816,38.26697344
12817,38.26697344
12818,38.26697344
12819,38.26697344
12820,38.26697344
12821,38.26697344
12822,38.26697344
12823,38.26697344
12824,38.26697344
12825,38.26697344
12826,38.26697344
12827,38.26697344
12828,38.26697344
12829,38.26697344
12830,38.26697344
12831,38.26697344
12832,38.26697344
12833,38.26697344
12834,38.26697344
12835,38.26697344
12836,38.26697344
12837,38.26697344
12838,38.26697344
12839,38.26697344
12840,38.26697344
12841,38.26697344
12842,38.26697344
12843,38.26697344
12844,38.26697344
12845,38.26697344
12846,38.26697344
12847,38.26697344
12848,38.26697344
12849,38.26697344
12850,38.26697344
12851,38.26697344
12852,38.26697344
12853,38.26697344
12854,38.26697344
12855,38.26697344
12856,38.26697344
12857,38.26697344
12858,38.26697344
12859,38.26697344
12860,38.26697344
12861,38.26697344
12862,38.26697344
12863,38.26697344
12864,38.26697344
12865,38.26697344
12866,38.26697344
12867,38.26697344
12868,38.26697344
12869,38.26697344
12870,38.26697344
12871,38.26697344
12872,38.26697344
12873,38.26697344
12874,38.26697344
12875,38.26697344
12876,38.26697344
12877,38.26697344
12878,38.26697344
12879,38.26697344
12880,38.26697344
12881,38.26697344
12882,38.26697344
12883,38.26697344
12884,38.26697344
12885,38.26697344
12886,38.26697344
12887,38.26697344
12888,38.26697344
12889,38.26697344
12890,38.26697344
12891,38.26697344
12892,38.26697344
12893,38.26697344
12894,38.26697344
12895,38.26697344
12896,38.26697344
12897,38.26697344
12898,38.26697344
12899,38.26697344
12900,38.26697344
12901,38.26697344
12902,38.26697344
12903,38.26697344
12904,38.26697344
12905,38.26697344
12906,38.26697344
12907,38.26697344
12908,38.26697344
12909,38.26697344
12910,38.26697344
12911,38.26697344
12912,38.26697344
12913,38.26697344
12914,38.26697344
12915,38.26697344
12916,38.26697344
12917,38.26697344
12918,38.26697344
12919,38.26697344
12920,38.26697344
12921,38.26697344
12922,38.26697344
12923,38.26697344
12924,38.26697344
12925,38.26697344
12926,38.26697344
12927,38.26697344
12928,38.26697344
12929,38.26697344
12930,38.26697344
12931,38.26697344
12932,38.26697344
12933,38.26697344
12934,38.26697344
12935,38.26697344
12936,38.26697344
12937,38.26697344
12938,38.26697344
12939,38.26697344
12940,38.26697344
12941,38.26697344
12942,38.26697344
12943,38.26697344
12944,38.26697344
12945,38.26697344
12946,38.26697344
12947,38.26697344
12948,38.26697344
12949,38.26697344
12950,38.26697344
12951,38.26697344
12952,38.26697344
12953,38.26697344
12954,38.26697344
12955,38.26697344
12956,38.26697344
12957,38.26697344
12958,38.26697344
12959,38.26697344
12960,38.26697344
12961,38.26697344
12962,38.26697344
12963,38.26697344
12964,38.26697344
12965,38.26697344
12966,38.26697344
12967,38.26697344
12968,38.26697344
12969,38.26697344
12970,38.26697344
12971,38.26697344
12972,38.26697344
12973,38.26697344
12974,38.26697344
12975,38.26697344
12976,38.26697344
12977,38.26697344
12978,38.26697344
12979,38.26697344
12980,38.26697344
12981,38.26697344
12982,38.26697344
12983,38.26697344
12984,38.26697344
12985,38.26697344
12986,38.26697344
12987,38.26697344
12988,38.26697344
12989,38.26697344
12990,38.26697344
12991,38.26697344
12992,38.26697344
12993,38.26697344
12994,38.26697344
12995,38.26697344
12996,38.26697344
12997,38.26697344
12998,38.26697344
12999,38.26697344